{
    "32": {
        "center": [
            -49.996485612978134,
            -35.258338824563054,
            32.27198845272835
        ]
    },
    "66": {
        "center": [
            53.583920403325436,
            -8.645287302594227,
            -4.9043437614770795
        ]
    },
    "4": {
        "center": [
            -32.52185677930612,
            10.622523596301903,
            42.33869149244596
        ]
    },
    "38": {
        "center": [
            6.157347400150712,
            21.345139412208,
            27.939562923888474
        ]
    },
    "17": {
        "center": [
            -15.160110355325116,
            -32.91661513580364,
            -18.72458735670456
        ]
    },
    "43": {
        "center": [
            34.5884212821631,
            -52.888932153759896,
            -24.3803657093016
        ]
    },
    "27": {
        "center": [
            -7.644892054306695,
            38.01391052748721,
            1.5923659025150272
        ]
    },
    "47": {
        "center": [
            30.690976300697855,
            -87.08806052649761,
            3.257548538658199
        ]
    },
    "55": {
        "center": [
            42.22410102739727,
            44.963184931506845,
            -9.91224315068493
        ]
    },
    "62": {
        "center": [
            8.531674208144793,
            35.60196078431372,
            2.559426847662138
        ]
    },
    "9": {
        "center": [
            -40.92134929144811,
            -66.2630190975744,
            31.433245428463792
        ]
    },
    "53": {
        "center": [
            10.708600459658882,
            -27.186161848312565,
            54.41889439941937
        ]
    },
    "19": {
        "center": [
            -44.993655962272626,
            17.386705591735904,
            14.130754547496068
        ]
    },
    "7": {
        "center": [
            -16.84485868911605,
            -11.906193625977153,
            -32.45082037625633
        ]
    },
    "21": {
        "center": [
            -41.76686467572626,
            34.401578647571,
            2.74896248677679
        ]
    },
    "46": {
        "center": [
            10.682474423941102,
            -42.90544029065876,
            20.244382828186247
        ]
    },
    "59": {
        "center": [
            9.559021588433353,
            -12.861556743909688,
            38.73469994058229
        ]
    },
    "61": {
        "center": [
            13.308085584254385,
            -57.684526272238315,
            36.85359654825936
        ]
    },
    "3": {
        "center": [
            -7.463033779477371,
            20.32202039515616,
            25.13256851497769
        ]
    },
    "42": {
        "center": [
            16.01734626767511,
            -7.522936534034855,
            -31.4532226241368
        ]
    },
    "51": {
        "center": [
            58.10766672824681,
            -26.232403473120257,
            -11.808682800665068
        ]
    },
    "24": {
        "center": [
            -9.627558919662818,
            -17.14243936005505,
            35.94856356442456
        ]
    },
    "48": {
        "center": [
            23.877512414282336,
            32.5638054701663,
            -13.071766375029554
        ]
    },
    "28": {
        "center": [
            -30.91472020673889,
            43.44256700791837,
            17.240565881456448
        ]
    },
    "10": {
        "center": [
            -48.77222801742652,
            -36.16450880530158,
            -24.13576118303982
        ]
    },
    "0": {
        "center": null
    },
    "57": {
        "center": [
            15.303904128826886,
            -78.09016009736916,
            7.308304465873988
        ]
    },
    "68": {
        "center": [
            8.131535679052945,
            64.81058862216375,
            -11.931601446892472
        ]
    },
    "6": {
        "center": [
            -6.8659805473874655,
            -81.3214204931011,
            23.049083917665683
        ]
    },
    "11": {
        "center": [
            -8.360666298545922,
            -47.69685256764218,
            18.353948094975152
        ]
    },
    "70": {
        "center": [
            45.25614567526554,
            -18.42124430955994,
            7.48345978755691
        ]
    },
    "22": {
        "center": [
            -10.484734533082644,
            -82.22213268869191,
            5.087653326170653
        ]
    },
    "26": {
        "center": [
            -11.19374643964808,
            -60.390847521995056,
            36.13716057978354
        ]
    },
    "50": {
        "center": [
            7.036171359288701,
            35.95089586420585,
            -14.93944496834164
        ]
    },
    "5": {
        "center": [
            -7.533704644115005,
            -2.1198296338766482,
            19.602833974936516
        ]
    },
    "1": {
        "center": [
            -19.4355690930565,
            -9.482414371853054,
            1.2335550444458363
        ]
    },
    "40": {
        "center": [
            9.724628583385652,
            -0.03933877380205786,
            17.76815233312408
        ]
    },
    "20": {
        "center": [
            -39.946005917159766,
            43.40002465483235,
            -10.90458579881657
        ]
    },
    "33": {
        "center": [
            -9.202643171806159,
            67.0942731277533,
            -6.398678414096921
        ]
    },
    "29": {
        "center": [
            -12.04492737914589,
            28.42336874051594,
            41.78396650769565
        ]
    },
    "15": {
        "center": [
            -6.256024337523016,
            35.47434152589864,
            -17.048915218957646
        ]
    },
    "45": {
        "center": [
            51.52092489967515,
            -29.64261417924709,
            -26.424727689661765
        ]
    },
    "49": {
        "center": [
            12.573617144512014,
            -65.93790906458153,
            -12.719750941210542
        ]
    },
    "8": {
        "center": [
            -33.25251965887695,
            -52.682799867094914,
            -25.258666518994353
        ]
    },
    "67": {
        "center": [
            50.09137299855786,
            -29.890766556964834,
            32.725215397699955
        ]
    },
    "41": {
        "center": [
            10.003225500426908,
            -79.92050090124278,
            25.96973721658287
        ]
    },
    "44": {
        "center": [
            45.38431219891976,
            -58.35735487324217,
            31.09566444455257
        ]
    },
    "14": {
        "center": [
            -11.006853115809335,
            -69.3522002108651,
            -15.20415071305699
        ]
    },
    "18": {
        "center": [
            -8.794218257428398,
            -27.596686565161974,
            56.20444027097727
        ]
    },
    "35": {
        "center": [
            -43.23657069187796,
            -21.69832402234637,
            6.403523850451222
        ]
    },
    "60": {
        "center": [
            37.129769484083425,
            -8.996377607025252,
            44.335653128430295
        ]
    },
    "25": {
        "center": [
            -37.70823276429543,
            -10.373853512967912,
            43.003796024048796
        ]
    },
    "54": {
        "center": [
            46.89477651315295,
            15.558604055174499,
            14.817441772819777
        ]
    },
    "30": {
        "center": [
            -23.515542537470978,
            -60.83729153472662,
            48.33101118851593
        ]
    },
    "37": {
        "center": [
            48.4743180730579,
            -38.407481256978784,
            5.600893284415378
        ]
    },
    "39": {
        "center": [
            34.25968977761167,
            12.405008409643045,
            42.31078303120913
        ]
    },